Activity,Season,Age,Athleticism,Interests,Preference,Travel,Frequency
Visit Senso-ji Temple in Asakusa,Spring,Both,Low,"culture, history, spiritual, sightseeing",Both,Family,First
Hike Mount Fuji,Summer,Both,High,"nature, scenery, adventure",Outdoor,Both,First
Relax in Hakone Onsen,Winter,Older,Low,"relaxation, wellness, scenery",Both,Family,Frequent
Tour Fushimi Inari Shrine in Kyoto,All,Both,Medium,"culture, spiritual, photography",Outdoor,Solo,First
Shop in Harajuku for fashion,Spring,Young,Low,"fashion, shopping, pop culture",Both,Friends,First
Visit Tokyo Disneyland,Summer,Both,Medium,"entertainment, family",Outdoor,Family,First
See cherry blossoms in Ueno Park,Spring,Both,Low,"nature, scenery, festivals",Outdoor,Family,First
Experience tea ceremony in Kyoto,All,Older,Low,"culture, culinary, relaxation",Indoor,Both,First
Cycle Shimanami Kaido,All,Both,High,"adventure, scenery, sports",Outdoor,Friends,Frequent
Tour Osaka Castle,Fall,Both,Medium,"history, sightseeing",Both,Family,First
Feed deer in Nara Park,Spring,Both,Low,"wildlife, family, nature",Outdoor,Family,First
Visit Ghibli Museum in Tokyo,All,Young,Low,"pop culture, anime, art",Indoor,Family,First
Hike in Japanese Alps,Summer,Both,High,"nature, adventure, hiking",Outdoor,Solo,Frequent
Explore teamLab Borderless in Tokyo,All,Both,Low,"art, entertainment, photography",Indoor,Both,First
Ski in Niseko,Winter,Both,High,"sports, adventure, scenery",Outdoor,Friends,Frequent
Visit Kyoto Imperial Palace,Fall,Older,Low,"history, culture",Both,Family,First
Shop at Nishiki Market in Kyoto,All,Both,Low,"food, culinary, shopping",Indoor,Friends,First
See autumn leaves in Arashiyama,Fall,Both,Medium,"nature, scenery, photography",Outdoor,Family,First
Experience onsen in Beppu,All,Older,Low,"relaxation, wellness",Both,Solo,Frequent
Tour Hiroshima Peace Memorial,Summer,Both,Low,"history, education",Both,Family,First
Visit Universal Studios Japan in Osaka,Summer,Young,Medium,"entertainment, adventure",Outdoor,Family,First
Hike Kumano Kodo trail,Fall,Both,High,"spiritual, nature, hiking",Outdoor,Solo,Frequent
Explore Naoshima Art Island,All,Both,Medium,"art, culture",Outdoor,Both,Frequent
See snow monkeys in Jigokudani,Winter,Both,Medium,"wildlife, nature",Outdoor,Family,First
Visit Meiji Shrine in Tokyo,All,Both,Low,"spiritual, history",Outdoor,Solo,First
Shop in Ginza,All,Young,Low,"shopping, fashion",Indoor,Friends,First
Tour Kanazawa Castle,Fall,Older,Medium,"history, culture",Both,Family,Frequent
Experience sumo match in Tokyo,All,Both,Low,"sports, culture",Indoor,Family,First
Visit Okinawa beaches,Summer,Young,High,"beaches, adventure, wildlife",Outdoor,Family,First
Hike Yakushima forests,All,Both,High,"nature, hiking",Outdoor,Solo,Frequent
Explore Nikko National Park,Fall,Both,Medium,"nature, scenery",Outdoor,Family,First
Visit Tokyo National Museum,All,Older,Low,"art, history",Indoor,Solo,First
Tour Ryoan-ji Temple in Kyoto,All,Both,Low,"spiritual, culture",Outdoor,Both,First
Shop at Tsukiji Outer Market,All,Both,Low,"food, culinary",Indoor,Friends,First
Hike Tateyama Kurobe Alpine Route,Summer,Both,High,"nature, adventure",Outdoor,Both,Frequent
Visit Kiyomizu-dera Temple,Spring,Both,Medium,"culture, sightseeing",Outdoor,Family,First
Experience kabuki theater in Tokyo,All,Older,Low,"art, culture",Indoor,Solo,Frequent
Tour Shirakawa-go village,Winter,Both,Medium,"culture, history",Outdoor,Family,First
See fireflies in Tatsuno,Summer,Both,Low,"nature, scenery",Outdoor,Family,Frequent
Visit Hakodate Morning Market,All,Both,Low,"food, culinary",Indoor,Friends,First
Hike Daisetsuzan National Park,Summer,Both,High,"nature, hiking",Outdoor,Solo,Frequent
Explore Dotonbori in Osaka,All,Young,Low,"night life, food",Both,Friends,First
Visit Himeji Castle,Spring,Older,Medium,"history, culture",Both,Family,First
Experience matsuri festival,Summer,Both,Low,"festivals, culture",Outdoor,Family,First
Tour Akiyoshido Cave,All,Both,Medium,"nature, adventure",Indoor,Solo,Frequent
Visit Kenrokuen Garden in Kanazawa,Fall,Both,Low,"nature, scenery",Outdoor,Family,First
Experience ryokan stay,All,Older,Low,"relaxation, culture",Both,Family,First
Hike Mount Takao near Tokyo,Spring,Both,High,"nature, hiking",Outdoor,Solo,First
Visit Tokyo Skytree,All,Both,Low,"sightseeing, scenery",Indoor,Family,First
Explore Okinawa Churaumi Aquarium,All,Both,Low,"wildlife, education",Indoor,Family,First
Tour Beppu Hells hot springs,All,Older,Medium,"nature, scenery",Outdoor,Both,Frequent
Visit Matsumoto Castle,Fall,Both,Medium,"history, culture",Both,Family,First
Experience izakaya hopping,All,Young,Low,"night life, culinary",Indoor,Friends,First
Hike Kamikochi,Summer,Both,High,"nature, scenery",Outdoor,Both,Frequent
Visit Kinkaku-ji Temple in Kyoto,All,Both,Low,"culture, spiritual",Outdoor,Family,First
Tour Tokyo Imperial Palace,All,Older,Low,"history, sightseeing",Both,Solo,First
Experience maid cafe in Akihabara,All,Young,Low,"pop culture, entertainment",Indoor,Friends,Frequent
Hike Yoshino Mountain for cherry blossoms,Spring,Both,Medium,"nature, scenery",Outdoor,Family,First
Visit Miyajima Island,All,Both,Medium,"nature, spiritual",Outdoor,Family,First
Tour Edo-Tokyo Museum,All,Older,Low,"history, education",Indoor,Solo,First
Experience karaoke in Tokyo,All,Young,Low,"entertainment, night life",Indoor,Friends,First
Hike Mount Aso,Summer,Both,High,"nature, adventure",Outdoor,Solo,Frequent
Visit Kyoto National Museum,All,Older,Low,"art, culture",Indoor,Both,Frequent
Tour Universal Studios Osaka,Summer,Young,Medium,"entertainment, adventure",Outdoor,Family,First
See autumn leaves in Nikko,Fall,Both,Medium,"nature, scenery",Outdoor,Family,First
Visit Tokyo DisneySea,Summer,Both,Medium,"entertainment, family",Outdoor,Family,First
Experience onsen in Kusatsu,Winter,Older,Low,"relaxation, wellness",Both,Solo,Frequent
Tour Nagoya Castle,Spring,Both,Medium,"history, culture",Both,Family,First
Hike Izu Peninsula trails,Summer,Both,High,"nature, hiking",Outdoor,Both,Frequent
Visit Hiroshima Castle,Fall,Older,Low,"history, sightseeing",Both,Solo,First
Experience sumo training session,All,Both,Low,"sports, culture",Indoor,Family,Frequent
Tour Tokyo Bay cruise,All,Both,Low,"sightseeing, scenery",Outdoor,Family,First
Hike Mount Koya trails,Fall,Both,Medium,"spiritual, nature",Outdoor,Solo,Frequent
Visit Kyoto Aquarium,All,Both,Low,"wildlife, education",Indoor,Family,First
Tour Sapporo Beer Museum,Winter,Young,Low,"culinary, history",Indoor,Friends,Frequent
Experience geisha performance in Kyoto,All,Older,Low,"culture, art",Indoor,Both,First
Hike Oze National Park,Summer,Both,High,"nature, hiking",Outdoor,Both,Frequent
Visit Tokyo Metropolitan Government Building observatory,All,Both,Low,"sightseeing, scenery",Indoor,Solo,First
Tour Ritsurin Garden in Takamatsu,Fall,Older,Low,"nature, relaxation",Outdoor,Family,Frequent
Experience ninja training in Tokyo,All,Young,Medium,"adventure, culture",Indoor,Friends,First
Hike Shiretoko National Park,Summer,Both,High,"nature, wildlife",Outdoor,Solo,Frequent
Visit Kyoto Railway Museum,All,Both,Low,"education, history",Indoor,Family,First
Tour Huis Ten Bosch in Nagasaki,Spring,Young,Medium,"entertainment, culture",Outdoor,Family,Frequent
See plum blossoms in Kairakuen Garden,Winter,Both,Low,"nature, scenery",Outdoor,Family,First
Visit Tokyo National Art Center,All,Older,Low,"art, culture",Indoor,Solo,Frequent
Hike Kirishima National Park,All,Both,High,"nature, adventure",Outdoor,Both,Frequent
Tour Okayama Castle,Fall,Both,Medium,"history, culture",Both,Family,First
Experience kabuki in Osaka,All,Older,Low,"art, culture",Indoor,Both,Frequent
Hike Akan National Park,Summer,Both,High,"nature, scenery",Outdoor,Solo,Frequent
Visit Kyoto Botanical Garden,Spring,Both,Low,"nature, relaxation",Outdoor,Family,First
Tour Yokohama Chinatown,All,Young,Low,"food, culture",Both,Friends,First
See winter illuminations in Tokyo,Winter,Both,Low,"festivals, scenery",Outdoor,Family,First
Visit Kyoto National Museum of Modern Art,All,Older,Low,"art, culture",Indoor,Solo,Frequent
Hike Yatsugatake Mountains,Summer,Both,High,"nature, hiking",Outdoor,Both,Frequent
Tour Kumamoto Castle,Spring,Both,Medium,"history, culture",Both,Family,First
Experience taiko drumming in Tokyo,All,Young,Medium,"music, culture",Indoor,Friends,Frequent
Hike Bandai-Asahi National Park,Fall,Both,High,"nature, scenery",Outdoor,Solo,Frequent
Visit Tokyo Edo-Tokyo Museum,All,Older,Low,"history, education",Indoor,Both,First
Tour Legoland Japan in Nagoya,Summer,Young,Medium,"entertainment, family",Outdoor,Family,First
See lavender fields in Furano,Summer,Both,Low,"nature, scenery",Outdoor,Family,Frequent
Visit Kyoto International Manga Museum,All,Young,Low,"pop culture, anime",Indoor,Solo,Frequent
Hike Towada-Hachimantai National Park,Summer,Both,High,"nature, adventure",Outdoor,Both,Frequent
Tour Shuri Castle in Okinawa,All,Both,Medium,"history, culture",Both,Family,First
Experience awa dance festival in Tokushima,Summer,Both,Low,"festivals, music",Outdoor,Family,First
Hike Aso-Kuju National Park,All,Both,High,"nature, hiking",Outdoor,Solo,Frequent
Visit Kyoto Nishiki Market,All,Both,Low,"food, culinary",Indoor,Friends,First
Tour Sanrio Puroland in Tokyo,All,Young,Medium,"entertainment, family",Indoor,Family,First
See tulips in Tonami Tulip Park,Spring,Both,Low,"nature, festivals",Outdoor,Family,Frequent
Visit Kyoto Arashiyama Monkey Park,All,Both,Medium,"wildlife, nature",Outdoor,Family,First
Tour Nagoya Aquarium,All,Both,Low,"wildlife, education",Indoor,Family,First
Experience hanami picnic,Spring,Both,Low,"festivals, nature",Outdoor,Family,First
Hike Nikko National Park,Fall,Both,High,"nature, scenery",Outdoor,Both,Frequent
Visit Tokyo Owl Cafe,All,Young,Low,"wildlife, entertainment",Indoor,Friends,Frequent
Tour Kyoto Gion Corner,All,Older,Low,"culture, art",Indoor,Both,First
Experience cherry blossom viewing boat cruise,Spring,Both,Low,"nature, sightseeing",Outdoor,Family,First
Hike Mount Rokko near Kobe,Summer,Both,High,"nature, hiking",Outdoor,Solo,Frequent
Visit Tokyo Cat Cafe,All,Young,Low,"wildlife, relaxation",Indoor,Friends,Frequent
Tour Nara National Museum,All,Older,Low,"art, history",Indoor,Solo,Frequent
Experience autumn leaves boat cruise,Fall,Both,Low,"nature, sightseeing",Outdoor,Family,First
Hike Mount Tsukuba near Tokyo,Spring,Both,Medium,"nature, hiking",Outdoor,Both,Frequent
Tour Osaka Aquarium Kaiyukan,All,Both,Low,"wildlife, education",Indoor,Family,First
Experience winter snowshoeing in Hokkaido,Winter,Both,High,"adventure, nature",Outdoor,Solo,Frequent
Hike Mount Mitake near Tokyo,All,Both,Medium,"nature, hiking",Outdoor,Solo,First
Visit Tokyo National Science Museum,All,Both,Low,"education, science",Indoor,Family,Frequent
Tour Kyoto Toji Temple flea market,All,Both,Low,"shopping, culture",Outdoor,Friends,First
Experience summer fireworks festival,Summer,Both,Low,"festivals, night life",Outdoor,Family,First
Hike Mount Yari in Japanese Alps,Summer,Both,High,"adventure, scenery",Outdoor,Solo,Frequent
Visit Tokyo Sumida Aquarium,All,Both,Low,"wildlife, education",Indoor,Family,First
Tour Kyoto Philosopher's Path,Spring,Both,Low,"nature, sightseeing",Outdoor,Solo,First
Experience spring ume blossom viewing,Winter,Both,Low,"nature, festivals",Outdoor,Family,First
Hike Mount Akagi in Gunma,Fall,Both,High,"nature, hiking",Outdoor,Both,Frequent
Visit Kyoto National Art Museum,All,Older,Low,"art, culture",Indoor,Solo,Frequent
Tour Tokyo Rikugien Garden,All,Both,Low,"nature, relaxation",Outdoor,Family,First
Experience fall momiji viewing,Fall,Both,Low,"nature, scenery",Outdoor,Family,First
Hike Mount Norikura in Alps,Summer,Both,High,"nature, adventure",Outdoor,Solo,Frequent
Visit Tokyo Koishikawa Korakuen Garden,All,Both,Low,"nature, scenery",Outdoor,Family,First
Tour Kyoto Kodaiji Temple,All,Older,Low,"spiritual, culture",Outdoor,Both,First
Experience winter ice festival in Hokkaido,Winter,Both,Low,"festivals, art",Outdoor,Family,First
Hike Mount Tanigawa near Tokyo,Fall,Both,High,"nature, hiking",Outdoor,Both,Frequent
Visit Tokyo National History Museum,All,Older,Low,"history, education",Indoor,Solo,Frequent
Tour Kyoto Ninna-ji Temple,Spring,Both,Low,"culture, spiritual",Outdoor,Family,First
Experience summer beach in Kamakura,Summer,Young,Medium,"beaches, relaxation",Outdoor,Friends,First
Hike Mount Zao in Tohoku,Winter,Both,High,"nature, scenery",Outdoor,Solo,Frequent
Visit Tokyo National Nature Museum,All,Both,Low,"education, nature",Indoor,Family,Frequent
Tour Kyoto Eikando Temple,Fall,Older,Low,"spiritual, culture",Outdoor,Both,First
Experience spring hanami festival,Spring,Both,Low,"festivals, nature",Outdoor,Family,First
Hike Mount Asama near Nagano,Summer,Both,High,"nature, adventure",Outdoor,Both,Frequent
Visit Tokyo National Western Art Museum,All,Older,Low,"art, culture",Indoor,Solo,Frequent
Tour Kyoto Tenryu-ji Temple,All,Both,Low,"spiritual, nature",Outdoor,Family,First
Experience fall koyo viewing,Fall,Both,Low,"nature, scenery",Outdoor,Family,First
Hike Mount Chausu in Alps,Summer,Both,High,"nature, hiking",Outdoor,Solo,Frequent
Visit Tokyo National Film Museum,All,Young,Low,"entertainment, culture",Indoor,Friends,Frequent
Tour Kyoto Ginkaku-ji Temple,All,Older,Low,"spiritual, culture",Outdoor,Both,First
Experience winter yukimi viewing,Winter,Both,Low,"nature, scenery",Outdoor,Family,First
Hike Mount Myogi in Gunma,Fall,Both,High,"nature, adventure",Outdoor,Both,Frequent
Visit Tokyo National Theatre,All,Older,Low,"art, culture",Indoor,Solo,Frequent
Tour Kyoto Nanzen-ji Temple,All,Both,Low,"spiritual, history",Outdoor,Family,First
Experience summer matsuri festival,Summer,Both,Low,"festivals, culture",Outdoor,Family,First
Hike Mount Ontake in Nagano,Summer,Both,High,"nature, spiritual",Outdoor,Solo,Frequent
Visit Tokyo National Craft Museum,All,Older,Low,"art, culture",Indoor,Both,Frequent
Tour Kyoto Daitoku-ji Temple,All,Older,Low,"spiritual, culture",Outdoor,Solo,First
Experience spring sakura festival,Spring,Both,Low,"festivals, nature",Outdoor,Family,First
Hike Mount Hiei near Kyoto,Fall,Both,High,"nature, spiritual",Outdoor,Both,Frequent
Visit Tokyo National Aviation Museum,All,Both,Low,"education, history",Indoor,Family,Frequent
Tour Kyoto Kifune Shrine,Summer,Older,Low,"spiritual, nature",Outdoor,Solo,First
Experience winter onsen festival,Winter,Older,Low,"festivals, relaxation",Both,Family,Frequent
Hike Mount Ibuki near Kyoto,Summer,Both,High,"nature, hiking",Outdoor,Both,Frequent
Visit Tokyo National Olympic Museum,All,Young,Low,"sports, history",Indoor,Friends,Frequent
Tour Kyoto Kamigamo Shrine,All,Both,Low,"spiritual, culture",Outdoor,Family,First
Experience fall moon viewing festival,Fall,Both,Low,"festivals, culture",Outdoor,Family,First
Hike Mount Daisen in Tottori,Fall,Both,High,"nature, adventure",Outdoor,Solo,Frequent
Visit Tokyo National Toy Museum,All,Young,Low,"entertainment, family",Indoor,Family,Frequent
Tour Kyoto Shimogamo Shrine,All,Both,Low,"spiritual, history",Outdoor,Family,First
Experience summer tanabata festival,Summer,Both,Low,"festivals, culture",Outdoor,Family,First
Hike Mount Gozaisho near Nagoya,Spring,Both,Medium,"nature, scenery",Outdoor,Both,Frequent
Visit Tokyo National Railway Museum,All,Both,Low,"education, history",Indoor,Family,First
Tour Kyoto Yasaka Shrine,All,Both,Low,"spiritual, culture",Outdoor,Family,First
Experience winter illumination festival,Winter,Both,Low,"festivals, night life",Outdoor,Family,First
Hike Mount Rokko near Osaka,Summer,Both,High,"nature, hiking",Outdoor,Both,Frequent
Visit Tokyo National Modern Literature Museum,All,Older,Low,"culture, education",Indoor,Solo,Frequent
Tour Kyoto Heian Shrine,Spring,Both,Low,"spiritual, history",Outdoor,Family,First
Experience spring flower festival,Spring,Both,Low,"festivals, nature",Outdoor,Family,First
Hike Mount Kongo near Osaka,Fall,Both,High,"nature, adventure",Outdoor,Solo,Frequent
Visit Tokyo National Children's Castle,All,Young,Low,"family, entertainment",Indoor,Family,Frequent
Tour Kyoto Kitano Tenmangu Shrine,Winter,Both,Low,"spiritual, culture",Outdoor,Family,First
Experience summer obon festival,Summer,Both,Low,"festivals, spiritual",Outdoor,Family,First
Hike Mount Minobu in Yamanashi,Spring,Both,Medium,"spiritual, nature",Outdoor,Solo,Frequent
Visit Tokyo National Diet Library,All,Older,Low,"education, history",Indoor,Solo,Frequent
Tour Kyoto Fushimi Sake District,All,Both,Low,"culinary, history",Both,Friends,First
Experience fall harvest festival,Fall,Both,Low,"festivals, culture",Outdoor,Family,First
Hike Mount Mitake in Tokyo,All,Both,High,"nature, hiking",Outdoor,Both,Frequent
Visit Tokyo National Sumo Museum,All,Both,Low,"sports, culture",Indoor,Family,Frequent
Tour Kyoto Arashiyama Bamboo Grove,Spring,Both,Medium,"nature, scenery",Outdoor,Family,First
Experience winter new year festival,Winter,Both,Low,"festivals, spiritual",Outdoor,Family,First
Hike Mount Takao in Tokyo,Spring,Both,Medium,"nature, hiking",Outdoor,Solo,First
Visit Tokyo National Film Archive,All,Young,Low,"entertainment, culture",Indoor,Solo,Frequent
Tour Kyoto Gion District,All,Both,Low,"culture, night life",Both,Friends,First
Experience summer star festival,Summer,Both,Low,"festivals, culture",Outdoor,Family,First
Hike Mount Nokogiri in Chiba,Fall,Both,High,"nature, adventure",Outdoor,Both,Frequent
Visit Tokyo National Aviation Museum,All,Both,Low,"education, history",Indoor,Family,Frequent
Tour Kyoto Maruyama Park,Spring,Both,Low,"nature, scenery",Outdoor,Family,First
Experience fall chrysanthemum festival,Fall,Both,Low,"festivals, nature",Outdoor,Family,First
Hike Mount Tsukuba in Ibaraki,Summer,Both,High,"nature, hiking",Outdoor,Solo,Frequent
Visit Tokyo National Toy Museum,All,Young,Low,"family, entertainment",Indoor,Family,Frequent
Tour Kyoto Philosopher's Walk,Spring,Both,Low,"nature, sightseeing",Outdoor,Solo,First
Experience winter plum festival,Winter,Both,Low,"festivals, nature",Outdoor,Family,First
Hike Mount Oyama in Kanagawa,Fall,Both,Medium,"nature, spiritual",Outdoor,Both,Frequent
Visit Tokyo National Craft Museum,All,Older,Low,"art, culture",Indoor,Solo,Frequent
Tour Kyoto Kamo River,All,Both,Low,"nature, relaxation",Outdoor,Family,First
Experience summer fire festival,Summer,Both,Low,"festivals, culture",Outdoor,Family,First
Hike Mount Nasu in Tochigi,Summer,Both,High,"nature, adventure",Outdoor,Solo,Frequent
Visit Tokyo National Olympic Museum,All,Young,Low,"sports, history",Indoor,Friends,Frequent
Tour Kyoto Sagano Romantic Train,Spring,Both,Low,"sightseeing, scenery",Outdoor,Family,First
Experience fall lantern festival,Fall,Both,Low,"festivals, culture",Outdoor,Family,First
Hike Mount Atago in Kyoto,Winter,Both,High,"nature, spiritual",Outdoor,Solo,Frequent
Visit Tokyo National Diet Library,All,Older,Low,"education, history",Indoor,Solo,Frequent
Tour Kyoto Nishiyama Mountains,Fall,Both,Medium,"nature, hiking",Outdoor,Both,Frequent
Experience spring iris festival,Spring,Both,Low,"festivals, nature",Outdoor,Family,First
Hike Mount Hodo in Chiba,Summer,Both,High,"nature, adventure",Outdoor,Both,Frequent
Visit Tokyo National Children's Castle,All,Young,Low,"family, entertainment",Indoor,Family,Frequent
Tour Kyoto Kinkaku-ji Temple,Spring,Both,Low,"spiritual, culture",Outdoor,Family,First
Experience summer water festival,Summer,Both,Low,"festivals, adventure",Outdoor,Family,First
Hike Mount Nokogiri in Chiba,Fall,Both,High,"nature, spiritual",Outdoor,Solo,Frequent
Visit Tokyo National Sumo Museum,All,Both,Low,"sports, culture",Indoor,Family,Frequent
Tour Kyoto Renge-ji Temple,All,Older,Low,"spiritual, culture",Outdoor,Solo,First
Experience winter light festival,Winter,Both,Low,"festivals, art",Outdoor,Family,First
Hike Mount Takao in Tokyo,Spring,Both,Medium,"nature, hiking",Outdoor,Family,First
Visit Tokyo National Film Archive,All,Young,Low,"entertainment, culture",Indoor,Solo,Frequent
Tour Kyoto Enryaku-ji Temple,Fall,Older,Low,"spiritual, history",Outdoor,Both,First
Experience fall foliage train ride,Fall,Both,Low,"sightseeing, scenery",Both,Family,First
Hike Mount Kurama near Kyoto,Summer,Both,High,"nature, spiritual",Outdoor,Solo,Frequent
Visit Tokyo National Aviation Museum,All,Both,Low,"education, history",Indoor,Family,Frequent
Tour Kyoto Daigo-ji Temple,Fall,Both,Low,"spiritual, culture",Outdoor,Family,First
Experience spring hydrangea festival,Spring,Both,Low,"festivals, nature",Outdoor,Family,First
Hike Mount Atago in Kyoto,Winter,Both,High,"nature, adventure",Outdoor,Both,Frequent
Visit Tokyo National Toy Museum,All,Young,Low,"family, entertainment",Indoor,Family,Frequent
Tour Kyoto Saiho-ji Moss Temple,All,Older,Low,"spiritual, nature",Outdoor,Solo,First
Experience summer bamboo festival,Summer,Both,Low,"festivals, culture",Outdoor,Family,First
Hike Mount Hiei near Kyoto,Fall,Both,High,"nature, spiritual",Outdoor,Solo,Frequent
Visit Tokyo National Craft Museum,All,Older,Low,"art, culture",Indoor,Both,Frequent
Tour Kyoto Tenryu-ji Temple Garden,All,Both,Low,"spiritual, nature",Outdoor,Family,First
Experience winter snow festival,Winter,Both,Low,"festivals, art",Outdoor,Family,First
Hike Mount Rokko near Kobe,Spring,Both,High,"nature, hiking",Outdoor,Both,Frequent
Visit Tokyo National Olympic Museum,All,Young,Low,"sports, history",Indoor,Friends,Frequent
Tour Kyoto Arashiyama Tenryu-ji,Summer,Both,Low,"spiritual, culture",Outdoor,Family,First
Experience fall moon festival,Fall,Both,Low,"festivals, culture",Outdoor,Family,First
Hike Mount Koya trails,Winter,Older,Medium,"spiritual, nature",Outdoor,Solo,Frequent
Visit Tokyo National Diet Library,All,Older,Low,"education, history",Indoor,Solo,Frequent
Tour Kyoto Gion Matsuri festival,Summer,Both,Low,"festivals, culture",Outdoor,Family,First
Experience spring peony festival,Spring,Both,Low,"festivals, nature",Outdoor,Family,First
Hike Mount Daisen in Tottori,Fall,Both,High,"nature, adventure",Outdoor,Both,Frequent
Visit Tokyo National Children's Castle,All,Young,Low,"family, entertainment",Indoor,Family,Frequent
Tour Kyoto Jidai Matsuri festival,Fall,Both,Low,"festivals, history",Outdoor,Family,First
Experience summer nebuta festival,Summer,Both,Low,"festivals, art",Outdoor,Family,First
Hike Mount Aso in Kyushu,Winter,Both,High,"nature, adventure",Outdoor,Solo,Frequent
Visit Tokyo National Sumo Museum,All,Both,Low,"sports, culture",Indoor,Family,Frequent
Tour Kyoto Aoi Matsuri festival,Spring,Both,Low,"festivals, culture",Outdoor,Family,First
Experience fall jidai matsuri,Fall,Both,Low,"festivals, history",Outdoor,Family,First
Hike Mount Fuji Yoshida trail,Summer,Both,High,"nature, adventure",Outdoor,Both,First
Visit Tokyo National Film Archive,All,Young,Low,"entertainment, culture",Indoor,Solo,Frequent
Tour Kyoto Kurama Fire Festival,Fall,Both,Low,"festivals, culture",Outdoor,Family,First
Experience winter sapporo snow festival,Winter,Both,Low,"festivals, art",Outdoor,Family,First
Hike Mount Takao autumn leaves,Fall,Both,Medium,"nature, scenery",Outdoor,Family,First
Visit Tokyo National Aviation Museum,All,Both,Low,"education, history",Indoor,Family,Frequent
Tour Kyoto Okazaki Canal cherry blossoms,Spring,Both,Low,"nature, scenery",Outdoor,Family,First
Experience summer tanabata festival,Summer,Both,Low,"festivals, culture",Outdoor,Family,First
Hike Mount Tsukuba sunrise hike,Summer,Both,High,"nature, scenery",Outdoor,Solo,Frequent
Visit Tokyo National Toy Museum,All,Young,Low,"family, entertainment",Indoor,Family,Frequent
Tour Kyoto Kiyomizu-dera night illumination,Fall,Both,Low,"spiritual, night life",Outdoor,Family,First
Experience spring yozakura night viewing,Spring,Both,Low,"nature, night life",Outdoor,Family,First
Hike Mount Nokogiri statue trail,All,Both,Medium,"spiritual, nature",Outdoor,Both,Frequent
Visit Tokyo National Craft Museum,All,Older,Low,"art, culture",Indoor,Solo,Frequent
Tour Kyoto Arashiyama Hanatouro,Winter,Both,Low,"festivals, night life",Outdoor,Family,First
Experience summer obon dance festival,Summer,Both,Low,"festivals, spiritual",Outdoor,Family,First
Hike Mount Myogi rock formations,Fall,Both,High,"nature, adventure",Outdoor,Solo,Frequent
Visit Tokyo National Olympic Museum,All,Young,Low,"sports, history",Indoor,Friends,Frequent
Tour Kyoto Gion Festival floats,Summer,Both,Low,"festivals, culture",Outdoor,Family,First
Experience fall takayama festival,Fall,Both,Low,"festivals, culture",Outdoor,Family,First
Hike Mount Nasu volcanic trail,Summer,Both,High,"nature, adventure",Outdoor,Both,Frequent
Visit Tokyo National Diet Library,All,Older,Low,"education, history",Indoor,Solo,Frequent
Tour Kyoto Jingu Shrine cherry blossoms,Spring,Both,Low,"spiritual, nature",Outdoor,Family,First
Experience winter yokote snow festival,Winter,Both,Low,"festivals, culture",Outdoor,Family,First
Hike Mount Atago shrine steps,Spring,Both,Medium,"spiritual, nature",Outdoor,Solo,Frequent
Visit Tokyo National Children's Castle,All,Young,Low,"family, entertainment",Indoor,Family,Frequent
Tour Kyoto Kamo River picnic,All,Both,Low,"relaxation, nature",Outdoor,Family,First
Experience summer gion festival parade,Summer,Both,Low,"festivals, culture",Outdoor,Family,First
Hike Mount Kurama hot spring trail,Fall,Both,High,"nature, relaxation",Outdoor,Both,Frequent
Visit Tokyo National Sumo Museum,All,Both,Low,"sports, culture",Indoor,Family,Frequent
Tour Kyoto Fushimi Inari night hike,All,Both,Medium,"spiritual, night life",Outdoor,Solo,Frequent
Experience spring kitano plum festival,Winter,Both,Low,"festivals, nature",Outdoor,Family,First
Hike Mount Hiei monastery trail,Summer,Both,High,"spiritual, nature",Outdoor,Solo,Frequent
Visit Tokyo National Film Archive,All,Young,Low,"entertainment, culture",Indoor,Solo,Frequent
Tour Kyoto Nishiki Market tasting,All,Both,Low,"culinary, food",Indoor,Friends,First
Experience fall arashiyama momiji festival,Fall,Both,Low,"festivals, nature",Outdoor,Family,First
Hike Mount Daisen autumn hike,Fall,Both,High,"nature, scenery",Outdoor,Both,Frequent
Visit Tokyo National Aviation Museum,All,Both,Low,"education, history",Indoor,Family,Frequent
Tour Kyoto Gion geisha spotting,All,Both,Low,"culture, night life",Outdoor,Friends,First
Experience summer awa dance festival,Summer,Both,Low,"festivals, music",Outdoor,Family,First
Hike Mount Aso crater rim,Summer,Both,Medium,"nature, adventure",Outdoor,Both,Frequent
Visit Tokyo National Toy Museum,All,Young,Low,"family, entertainment",Indoor,Family,Frequent
Tour Kyoto Sagano bamboo grove,All,Both,Low,"nature, scenery",Outdoor,Family,First
Experience winter kamakura festival,Winter,Both,Low,"festivals, culture",Outdoor,Family,First
Hike Mount Rokko night view,Summer,Both,Medium,"nature, night life",Outdoor,Friends,Frequent
Visit Tokyo National Craft Museum,All,Older,Low,"art, culture",Indoor,Solo,Frequent
Tour Kyoto Kinkaku-ji golden pavilion,All,Both,Low,"spiritual, culture",Outdoor,Family,First
Experience spring yoshino cherry mountain,Spring,Both,Medium,"nature, scenery",Outdoor,Family,First
Hike Mount Tsukuba shrine trail,Fall,Both,High,"spiritual, nature",Outdoor,Both,Frequent
Visit Tokyo National Olympic Museum,All,Young,Low,"sports, history",Indoor,Friends,Frequent
Tour Kyoto Tenryu-ji zen garden,All,Both,Low,"spiritual, relaxation",Outdoor,Family,First
Experience summer star viewing festival,Summer,Both,Low,"festivals, nature",Outdoor,Family,First
Hike Mount Nokogiri Buddha statue,Spring,Both,Medium,"spiritual, nature",Outdoor,Family,Frequent
Visit Tokyo National Diet Library,All,Older,Low,"education, history",Indoor,Solo,Frequent
Tour Kyoto Nanzen-ji aqueduct,All,Both,Low,"history, sightseeing",Outdoor,Family,First
Experience fall koyo illumination festival,Fall,Both,Low,"festivals, nature",Outdoor,Family,First
Hike Mount Atago fire festival,Summer,Both,High,"spiritual, festivals",Outdoor,Both,Frequent
Visit Tokyo National Children's Castle,All,Young,Low,"family, entertainment",Indoor,Family,Frequent
Tour Kyoto Saiho-ji moss garden,All,Older,Low,"spiritual, nature",Outdoor,Solo,First
Experience winter onsen snow viewing,Winter,Older,Low,"relaxation, nature",Both,Solo,Frequent
Hike Mount Hiei winter hike,Winter,Both,High,"nature, spiritual",Outdoor,Solo,Frequent
Visit Tokyo National Sumo Museum,All,Both,Low,"sports, culture",Indoor,Family,Frequent
Tour Kyoto Enryaku-ji monastery,All,Older,Low,"spiritual, history",Outdoor,Both,First
Experience spring azalea festival,Spring,Both,Low,"festivals, nature",Outdoor,Family,First
Hike Mount Kurama autumn leaves,Fall,Both,Medium,"nature, scenery",Outdoor,Family,Frequent
Visit Tokyo National Film Archive,All,Young,Low,"entertainment, culture",Indoor,Solo,Frequent
Tour Kyoto Daigo-ji bentendo hall,Fall,Both,Low,"spiritual, culture",Outdoor,Family,First
Experience summer firefly viewing festival,Summer,Both,Low,"festivals, nature",Outdoor,Family,First
Hike Mount Myogi winter climb,Winter,Both,High,"nature, adventure",Outdoor,Solo,Frequent
Visit Tokyo National Aviation Museum,All,Both,Low,"education, history",Indoor,Family,Frequent
Tour Kyoto Kitano Tenmangu plum grove,Winter,Both,Low,"nature, spiritual",Outdoor,Family,First
Experience spring wisteria festival,Spring,Both,Low,"festivals, nature",Outdoor,Family,First
Hike Mount Nasu spring hike,Spring,Both,High,"nature, scenery",Outdoor,Both,Frequent
Visit Tokyo National Toy Museum,All,Young,Low,"family, entertainment",Indoor,Family,Frequent
Tour Kyoto Kamo River cherry blossoms,Spring,Both,Low,"nature, scenery",Outdoor,Family,First
Experience fall susuki grass festival,Fall,Both,Low,"festivals, nature",Outdoor,Family,First
Hike Mount Ontake autumn colors,Fall,Both,High,"nature, spiritual",Outdoor,Solo,Frequent
Visit Tokyo National Craft Museum,All,Older,Low,"art, culture",Indoor,Solo,Frequent
Tour Kyoto Sagano romantic train,Fall,Both,Low,"sightseeing, scenery",Outdoor,Family,First
Experience summer yukata festival,Summer,Both,Low,"festivals, culture",Outdoor,Family,First
Hike Mount Chausu plateau,Summer,Both,Medium,"nature, scenery",Outdoor,Both,Frequent
Visit Tokyo National Olympic Museum,All,Young,Low,"sports, history",Indoor,Friends,Frequent
Tour Kyoto Jidai Matsuri parade,Fall,Both,Low,"festivals, history",Outdoor,Family,First
Experience winter igloo festival,Winter,Both,Low,"festivals, adventure",Outdoor,Family,First
Hike Mount Rokko winter lights,Winter,Both,Medium,"nature, night life",Outdoor,Friends,Frequent
Visit Tokyo National Diet Library,All,Older,Low,"education, history",Indoor,Solo,Frequent
Tour Kyoto Aoi Matsuri procession,Spring,Both,Low,"festivals, culture",Outdoor,Family,First
Experience summer lantern floating festival,Summer,Both,Low,"festivals, spiritual",Outdoor,Family,First
Hike Mount Koya winter snow,Fall,Both,High,"spiritual, nature",Outdoor,Solo,Frequent
Visit Tokyo National Children's Castle,All,Young,Low,"family, entertainment",Indoor,Family,Frequent
Tour Kyoto Kurama Fire Festival,Fall,Both,Low,"festivals, culture",Outdoor,Family,First
Experience spring night cherry viewing,Spring,Both,Low,"nature, night life",Outdoor,Family,First
Hike Mount Hiei spring greens,Spring,Both,High,"nature, spiritual",Outdoor,Both,Frequent
Visit Tokyo National Sumo Museum,All,Both,Low,"sports, culture",Indoor,Family,Frequent
Tour Kyoto Gion Festival night stalls,Summer,Both,Low,"festivals, night life",Outdoor,Friends,First
Experience fall harvest moon viewing,Fall,Both,Low,"festivals, culture",Outdoor,Family,First
Hike Mount Atago autumn hike,Fall,Both,Medium,"nature, spiritual",Outdoor,Both,Frequent
Visit Tokyo National Film Archive,All,Young,Low,"entertainment, culture",Indoor,Solo,Frequent
Tour Kyoto Okazaki Canal boat ride,Spring,Both,Low,"sightseeing, nature",Outdoor,Family,First
Experience winter hot sake festival,Winter,Both,Low,"festivals, culinary",Indoor,Friends,Frequent
Hike Mount Kurama winter solitude,Winter,Both,High,"nature, relaxation",Outdoor,Solo,Frequent
Visit Tokyo National Aviation Museum,All,Both,Low,"education, history",Indoor,Family,Frequent
Tour Kyoto Nishiyama bamboo forest,All,Both,Low,"nature, scenery",Outdoor,Family,First
Experience summer star gazing festival,Summer,Both,Low,"festivals, nature",Outdoor,Family,First
Hike Mount Myogi spring flowers,Spring,Both,High,"nature, scenery",Outdoor,Both,Frequent
Visit Tokyo National Toy Museum,All,Young,Low,"family, entertainment",Indoor,Family,Frequent
Tour Kyoto Saiho-ji moss temple garden,All,Older,Low,"spiritual, nature",Outdoor,Solo,First
Experience fall persimmon festival,Fall,Both,Low,"festivals, culinary",Outdoor,Family,First
Hike Mount Nasu winter snowshoe,Winter,Both,High,"nature, adventure",Outdoor,Solo,Frequent
Visit Tokyo National Craft Museum,All,Older,Low,"art, culture",Indoor,Solo,Frequent
Tour Kyoto Enryaku-ji temple complex,All,Both,Medium,"spiritual, history",Outdoor,Family,First
Experience spring rose festival,Spring,Both,Low,"festivals, nature",Outdoor,Family,First
Hike Mount Ontake summer alpine,Summer,Both,High,"nature, scenery",Outdoor,Both,Frequent
Visit Tokyo National Olympic Museum,All,Young,Low,"sports, history",Indoor,Friends,Frequent
Tour Kyoto Daigo-ji cherry blossoms,Spring,Both,Low,"spiritual, nature",Outdoor,Family,First
Experience summer beach festival,Summer,Both,Low,"festivals, beaches",Outdoor,Family,First
Hike Mount Chausu winter view,Winter,Both,High,"nature, scenery",Outdoor,Solo,Frequent
Visit Tokyo National Diet Library,All,Older,Low,"education, history",Indoor,Solo,Frequent
Tour Kyoto Kitano Tenmangu flea market,All,Both,Low,"shopping, culture",Outdoor,Friends,First
Experience fall chestnut festival,Fall,Both,Low,"festivals, culinary",Outdoor,Family,First
Hike Mount Rokko spring cherry,Spring,Both,Medium,"nature, scenery",Outdoor,Family,Frequent
Visit Tokyo National Children's Castle,All,Young,Low,"family, entertainment",Indoor,Family,Frequent
Tour Kyoto Kamo River summer terrace,Summer,Both,Low,"relaxation, night life",Outdoor,Friends,First
Experience winter plum viewing festival,Winter,Both,Low,"festivals, nature",Outdoor,Family,First
Hike Mount Koya autumn colors,Fall,Both,High,"spiritual, nature",Outdoor,Both,Frequent
Visit Tokyo National Sumo Museum,All,Both,Low,"sports, culture",Indoor,Family,Frequent
Tour Kyoto Fushimi Inari fox shrine,All,Both,Medium,"spiritual, culture",Outdoor,Family,First
Experience spring tulip festival,Spring,Both,Low,"festivals, nature",Outdoor,Family,First
Hike Mount Hiei winter monastery,Winter,Both,High,"spiritual, nature",Outdoor,Solo,Frequent
Visit Tokyo National Film Archive,All,Young,Low,"entertainment, culture",Indoor,Solo,Frequent
Tour Kyoto Nanzen-ji zen rock garden,All,Older,Low,"spiritual, relaxation",Outdoor,Solo,First
Experience summer hydrangea festival,Summer,Both,Low,"festivals, nature",Outdoor,Family,First
Hike Mount Kurama spring greens,Spring,Both,High,"nature, spiritual",Outdoor,Both,Frequent
Visit Tokyo National Aviation Museum,All,Both,Low,"education, history",Indoor,Family,Frequent
Tour Kyoto Daigo-ji autumn leaves,Fall,Both,Low,"spiritual, nature",Outdoor,Family,First
Experience winter lantern festival,Winter,Both,Low,"festivals, culture",Outdoor,Family,First
Hike Mount Myogi summer climb,Summer,Both,High,"nature, adventure",Outdoor,Solo,Frequent
Visit Tokyo National Toy Museum,All,Young,Low,"family, entertainment",Indoor,Family,Frequent
Tour Kyoto Kitano Tenmangu winter plum,Winter,Both,Low,"nature, spiritual",Outdoor,Family,First
Experience spring lily festival,Spring,Both,Low,"festivals, nature",Outdoor,Family,First
Hike Mount Nasu fall foliage,Fall,Both,High,"nature, scenery",Outdoor,Both,Frequent
Visit Tokyo National Craft Museum,All,Older,Low,"art, culture",Indoor,Solo,Frequent
Tour Kyoto Kamo River autumn walk,Fall,Both,Low,"nature, scenery",Outdoor,Family,First
Experience summer firefly festival,Summer,Both,Low,"festivals, nature",Outdoor,Family,First
Hike Mount Ontake winter snow,Winter,Both,High,"nature, adventure",Outdoor,Solo,Frequent
Visit Tokyo National Olympic Museum,All,Young,Low,"sports, history",Indoor,Friends,Frequent
Tour Kyoto Sagano bamboo summer green,Summer,Both,Low,"nature, scenery",Outdoor,Family,First
Experience spring nemophila festival,Spring,Both,Low,"festivals, nature",Outdoor,Family,First
Hike Mount Chausu spring flowers,Spring,Both,High,"nature, scenery",Outdoor,Both,Frequent
Visit Tokyo National Diet Library,All,Older,Low,"education, history",Indoor,Solo,Frequent
Tour Kyoto Saiho-ji summer moss,Summer,Both,Low,"spiritual, nature",Outdoor,Solo,First
Experience fall ginkgo festival,Fall,Both,Low,"festivals, nature",Outdoor,Family,First
Hike Mount Rokko winter night view,Winter,Both,Medium,"nature, night life",Outdoor,Friends,Frequent
Visit Tokyo National Children's Castle,All,Young,Low,"family, entertainment",Indoor,Family,Frequent
Tour Kyoto Enryaku-ji autumn monastery,Fall,Both,Medium,"spiritual, nature",Outdoor,Family,First
Experience summer bamboo lantern festival,Summer,Both,Low,"festivals, culture",Outdoor,Family,First
Hike Mount Koya spring cherry,Spring,Both,High,"spiritual, nature",Outdoor,Both,Frequent
Visit Tokyo National Sumo Museum,All,Both,Low,"sports, culture",Indoor,Family,Frequent
Tour Kyoto Fushimi Inari winter fox,Winter,Both,Medium,"spiritual, nature",Outdoor,Solo,Frequent
Experience spring moss phlox festival,Spring,Both,Low,"festivals, nature",Outdoor,Family,First
Hike Mount Hiei summer green,Summer,Both,High,"nature, spiritual",Outdoor,Both,Frequent
Visit Tokyo National Film Archive,All,Young,Low,"entertainment, culture",Indoor,Solo,Frequent
Tour Kyoto Daigo-ji winter snow,Winter,Both,Low,"spiritual, nature",Outdoor,Family,First
Experience fall maple tunnel festival,Fall,Both,Low,"festivals, nature",Outdoor,Family,First
Hike Mount Kurama fall colors,Fall,Both,High,"nature, scenery",Outdoor,Both,Frequent
Visit Tokyo National Aviation Museum,All,Both,Low,"education, history",Indoor,Family,Frequent
Tour Kyoto Kitano Tenmangu spring plum,Spring,Both,Low,"nature, spiritual",Outdoor,Family,First
Experience summer lotus festival,Summer,Both,Low,"festivals, nature",Outdoor,Family,First
Hike Mount Myogi winter rock,Winter,Both,High,"nature, adventure",Outdoor,Solo,Frequent
Visit Tokyo National Toy Museum,All,Young,Low,"family, entertainment",Indoor,Family,Frequent
Tour Kyoto Kamo River winter walk,Winter,Both,Low,"nature, relaxation",Outdoor,Family,First
Experience spring rapeseed festival,Spring,Both,Low,"festivals, nature",Outdoor,Family,First
Hike Mount Nasu summer plateau,Summer,Both,High,"nature, scenery",Outdoor,Both,Frequent
Visit Tokyo National Craft Museum,All,Older,Low,"art, culture",Indoor,Solo,Frequent
Tour Kyoto Sagano bamboo winter light-up,Winter,Both,Low,"nature, night life",Outdoor,Family,First
Experience fall cosmos festival,Fall,Both,Low,"festivals, nature",Outdoor,Family,First
Hike Mount Ontake fall hike,Fall,Both,High,"nature, spiritual",Outdoor,Solo,Frequent
Visit Tokyo National Olympic Museum,All,Young,Low,"sports, history",Indoor,Friends,Frequent
Tour Kyoto Saiho-ji spring moss,Spring,Both,Low,"spiritual, nature",Outdoor,Solo,First
Experience summer sunflower festival,Summer,Both,Low,"festivals, nature",Outdoor,Family,First
Hike Mount Chausu winter snow,Fall,Both,High,"nature, scenery",Outdoor,Both,Frequent
Visit Tokyo National Diet Library,All,Older,Low,"education, history",Indoor,Solo,Frequent
Tour Kyoto Enryaku-ji summer monastery,Summer,Both,Medium,"spiritual, nature",Outdoor,Family,First
Experience spring poppy festival,Spring,Both,Low,"festivals, nature",Outdoor,Family,First
Hike Mount Rokko fall colors,Fall,Both,High,"nature, scenery",Outdoor,Both,Frequent
Visit Tokyo National Children's Castle,All,Young,Low,"family, entertainment",Indoor,Family,Frequent
Tour Kyoto Daigo-ji spring cherry,Spring,Both,Low,"spiritual, nature",Outdoor,Family,First
Experience winter camellia festival,Winter,Both,Low,"festivals, nature",Outdoor,Family,First
Hike Mount Koya winter solitude,Winter,Both,High,"spiritual, nature",Outdoor,Solo,Frequent
Visit Tokyo National Sumo Museum,All,Both,Low,"sports, culture",Indoor,Family,Frequent
Tour Kyoto Fushimi Inari summer green,Summer,Both,Medium,"spiritual, nature",Outdoor,Family,First
Experience fall silver grass festival,Fall,Both,Low,"festivals, nature",Outdoor,Family,First
Hike Mount Hiei fall monastery,Fall,Both,High,"spiritual, nature",Outdoor,Both,Frequent
Visit Tokyo National Film Archive,All,Young,Low,"entertainment, culture",Indoor,Solo,Frequent
Tour Kyoto Kitano Tenmangu fall maple,Fall,Both,Low,"nature, spiritual",Outdoor,Family,First
Experience summer lavender festival,Summer,Both,Low,"festivals, nature",Outdoor,Family,First
Hike Mount Kurama winter hike,Winter,Both,High,"nature, spiritual",Outdoor,Solo,Frequent
Visit Tokyo National Aviation Museum,All,Both,Low,"education, history",Indoor,Family,Frequent
Tour Kyoto Kamo River spring cherry,Spring,Both,Low,"nature, scenery",Outdoor,Family,First
Experience spring lavender festival,Spring,Both,Low,"festivals, nature",Outdoor,Family,First
Hike Mount Myogi spring climb,Spring,Both,High,"nature, adventure",Outdoor,Both,Frequent
Visit Tokyo National Toy Museum,All,Young,Low,"family, entertainment",Indoor,Family,Frequent
Tour Kyoto Sagano bamboo fall colors,Fall,Both,Low,"nature, scenery",Outdoor,Family,First
Experience winter narcissus festival,Winter,Both,Low,"festivals, nature",Outdoor,Family,First
Hike Mount Nasu winter snow,Winter,Both,High,"nature, adventure",Outdoor,Solo,Frequent
Visit Tokyo National Craft Museum,All,Older,Low,"art, culture",Indoor,Solo,Frequent
Tour Kyoto Saiho-ji fall moss,Fall,Both,Low,"spiritual, nature",Outdoor,Solo,First
Experience summer cosmos festival,Summer,Both,Low,"festivals, nature",Outdoor,Family,First
Hike Mount Chausu spring hike,Spring,Both,High,"nature, scenery",Outdoor,Both,Frequent
Visit Tokyo National Olympic Museum,All,Young,Low,"sports, history",Indoor,Friends,Frequent
Tour Kyoto Enryaku-ji winter snow,Winter,Both,Medium,"spiritual, nature",Outdoor,Family,First
Experience spring daffodil festival,Spring,Both,Low,"festivals, nature",Outdoor,Family,First
Hike Mount Rokko summer view,Summer,Both,High,"nature, scenery",Outdoor,Both,Frequent
Visit Tokyo National Diet Library,All,Older,Low,"education, history",Indoor,Solo,Frequent
Tour Kyoto Daigo-ji summer green,Summer,Both,Low,"spiritual, nature",Outdoor,Family,First
Experience fall orchid festival,Fall,Both,Low,"festivals, nature",Outdoor,Family,First
Hike Mount Koya spring greens,Spring,Both,High,"spiritual, nature",Outdoor,Both,Frequent
Visit Tokyo National Children's Castle,All,Young,Low,"family, entertainment",Indoor,Family,Frequent
Tour Kyoto Fushimi Inari spring cherry,Spring,Both,Medium,"spiritual, nature",Outdoor,Family,First
Experience winter orchid festival,Winter,Both,Low,"festivals, nature",Outdoor,Family,First
Hike Mount Hiei summer hike,Summer,Both,High,"nature, spiritual",Outdoor,Solo,Frequent
Visit Tokyo National Sumo Museum,All,Both,Low,"sports, culture",Indoor,Family,Frequent
Tour Kyoto Kitano Tenmangu summer festival,Summer,Both,Low,"festivals, spiritual",Outdoor,Family,First
Experience spring orchid festival,Spring,Both,Low,"festivals, nature",Outdoor,Family,First
Hike Mount Kurama fall hike,Fall,Both,High,"nature, scenery",Outdoor,Both,Frequent
Visit Tokyo National Film Archive,All,Young,Low,"entertainment, culture",Indoor,Solo,Frequent
Tour Kyoto Kamo River fall colors,Fall,Both,Low,"nature, scenery",Outdoor,Family,First
Experience summer orchid festival,Summer,Both,Low,"festivals, nature",Outdoor,Family,First
Hike Mount Myogi fall climb,Fall,Both,High,"nature, adventure",Outdoor,Solo,Frequent
Visit Tokyo National Aviation Museum,All,Both,Low,"education, history",Indoor,Family,Frequent
Tour Kyoto Sagano bamboo spring light,Spring,Both,Low,"nature, scenery",Outdoor,Family,First
Experience winter rose festival,Winter,Both,Low,"festivals, nature",Outdoor,Family,First
Hike Mount Nasu spring hike,Spring,Both,High,"nature, scenery",Outdoor,Both,Frequent
Visit Tokyo National Toy Museum,All,Young,Low,"family, entertainment",Indoor,Family,Frequent
Tour Kyoto Saiho-ji winter moss,Winter,Both,Low,"spiritual, nature",Outdoor,Solo,First
Experience spring rose festival,Spring,Both,Low,"festivals, nature",Outdoor,Family,First
Hike Mount Chausu summer flowers,Summer,Both,High,"nature, scenery",Outdoor,Both,Frequent
Visit Tokyo National Craft Museum,All,Older,Low,"art, culture",Indoor,Solo,Frequent
Tour Kyoto Enryaku-ji spring cherry,Spring,Both,Medium,"spiritual, nature",Outdoor,Family,First
Experience fall rose festival,Fall,Both,Low,"festivals, nature",Outdoor,Family,First
Hike Mount Rokko winter hike,Winter,Both,High,"nature, adventure",Outdoor,Solo,Frequent
Visit Tokyo National Olympic Museum,All,Young,Low,"sports, history",Indoor,Friends,Frequent
Tour Kyoto Daigo-ji fall leaves,Fall,Both,Low,"spiritual, nature",Outdoor,Family,First
Experience summer rose festival,Summer,Both,Low,"festivals, nature",Outdoor,Family,First
Hike Mount Koya summer green,Summer,Both,High,"spiritual, nature",Outdoor,Both,Frequent
Visit Tokyo National Diet Library,All,Older,Low,"education, history",Indoor,Solo,Frequent
Tour Kyoto Fushimi Inari fall colors,Fall,Both,Medium,"spiritual, nature",Outdoor,Family,First
Play UFO Catchers at GiGO Akihabara Building 3,All,Young,Low,"crane games, entertainment, pop culture",Indoor,Friends,First
Challenge crane machines at Taito Station Akihabara,All,Young,Low,"crane games, video games",Indoor,Solo,Both
Win prizes at Namco Akihabara Arcade,All,Young,Low,"crane games, entertainment",Indoor,Friends,First
Hunt rare prizes at GiGO Shinjuku Kabukicho,All,Young,Low,"crane games, pop culture",Indoor,Friends,Both
Massive crane game selection at GiGO Osaka Dotonbori,All,Young,Low,"crane games, anime",Indoor,Friends,First
Play at the world's largest crane arcade: Everyday Gyoda,All,Young,Low,crane games,Indoor,Both,Frequent
Retro arcade fun at Mikado Game Center,All,Young,Low,"video games, retro games",Indoor,Solo,Frequent
Shop for Pokemon cards at Radio Kaikan,All,Young,Low,"trading cards, pokemon, shopping",Indoor,Solo,First
Browse TCG at LAMB Trading Card Shop,All,Young,Low,"trading cards, pokemon, mtg",Indoor,Friends,Both
Visit Pokemon Center for cards and merch,All,Young,Low,"trading cards, pokemon, pop culture",Indoor,Family,First
Hunt cards at Animate Akihabara,All,Young,Low,"anime, trading cards, manga",Indoor,Solo,Both
Shop at Mandarake for rare anime figures/cards,All,Young,Low,"anime, trading cards, pop culture",Indoor,Solo,Frequent
Explore Lashinbang for second-hand anime goods,All,Young,Low,"anime, shopping",Indoor,Friends,Frequent
Visit Nintendo Store Osaka for games/merch,All,Young,Low,"video games, nintendo",Indoor,Friends,First
Retro games shopping at Super Potato,All,Young,Low,"video games, retro games",Indoor,Solo,Frequent
Browse Beep Akihabara for games,All,Young,Low,"video games, retro",Indoor,Solo,Both
Otaku shopping at Den Den Town,All,Young,Low,"anime, pop culture, shopping",Both,Friends,First
Play retro arcades at GiGO Akihabara,All,Young,Low,"video games, retro games, crane games",Indoor,Friends,Frequent
Shop at K-Books Akihabara for manga/cards,All,Young,Low,"anime, trading cards",Indoor,Solo,Both
Visit Volks Akihabara for figures/models,All,Young,Low,"anime, pop culture",Indoor,Solo,Frequent
Crane games and merch at Round1 Stadium Odaiba,All,Young,Low,"crane games, entertainment",Indoor,Friends,First
TCG hunting at Quad Sports (Tokyo),All,Young,Low,trading cards,Indoor,Solo,Frequent
Play at 3rd Planet Yokohama (huge cranes),All,Young,Low,crane games,Indoor,Friends,Frequent
